{
  "AP": 0.2649058843042082,
  "AP50": 0.5154460791408063,
  "AP75": 0.2347160366404849,
  "AP_small": 0.11634111581483683,
  "AP_medium": 0.31407287038109133,
  "AP_large": 0.4501976213970534,
  "AR_1": 0.19171212221452574,
  "AR_10": 0.36037165783650316,
  "AR_100": 0.38067403994945515,
  "AR_small": 0.21890579348521233,
  "AR_medium": 0.4443524517530093,
  "AR_large": 0.5553021694041144
}