{
  "bike": {
    "tp": 646,
    "fp": 4399,
    "fn": 361,
    "precision": 0.1280475718533201,
    "recall": 0.6415094339622641,
    "f1": 0.21348314606741567,
    "AP": 0.1872411179610409,
    "AP50": 0.4391403161773111,
    "AP75": 0.13848094997468788,
    "AP_small": 0.029218384668262792,
    "AP_medium": 0.21507481143091323,
    "AP_large": 0.33421301639863477,
    "AR": 0.30595829195630586
  },
  "bus": {
    "tp": 1293,
    "fp": 7876,
    "fn": 304,
    "precision": 0.14101864979823317,
    "recall": 0.8096430807764559,
    "f1": 0.24020063161805683,
    "AP": 0.3931979455045454,
    "AP50": 0.5629507130817193,
    "AP75": 0.4477976307445569,
    "AP_small": 0.07895052970101517,
    "AP_medium": 0.27840521254967404,
    "AP_large": 0.6100090982802192,
    "AR": 0.576205385097057
  },
  "car": {
    "tp": 90389,
    "fp": 202133,
    "fn": 12117,
    "precision": 0.3089989812732034,
    "recall": 0.8817922853296393,
    "f1": 0.45763338295006945,
    "AP": 0.4599604790236532,
    "AP50": 0.7993108008621584,
    "AP75": 0.4573192160723481,
    "AP_small": 0.22287764220195921,
    "AP_medium": 0.5376531327601352,
    "AP_large": 0.7858475050649839,
    "AR": 0.5311162273427896
  },
  "motor": {
    "tp": 279,
    "fp": 2603,
    "fn": 173,
    "precision": 0.09680777238029147,
    "recall": 0.6172566371681416,
    "f1": 0.16736652669466107,
    "AP": 0.17422130008245776,
    "AP50": 0.38495235080474377,
    "AP75": 0.1256688197254916,
    "AP_small": 0.06461211211535996,
    "AP_medium": 0.20081171871403428,
    "AP_large": 0.2838566785191102,
    "AR": 0.31526548672566373
  },
  "person": {
    "tp": 10221,
    "fp": 37861,
    "fn": 3041,
    "precision": 0.21257435214841314,
    "recall": 0.7706982355602473,
    "f1": 0.333235524256651,
    "AP": 0.29239265874812564,
    "AP50": 0.6298343230092583,
    "AP75": 0.225150411430459,
    "AP_small": 0.14948224631062354,
    "AP_medium": 0.39569630140062423,
    "AP_large": 0.5238588016091635,
    "AR": 0.3944955511989142
  },
  "rider": {
    "tp": 405,
    "fp": 3576,
    "fn": 244,
    "precision": 0.10173323285606632,
    "recall": 0.6240369799691834,
    "f1": 0.17494600431965443,
    "AP": 0.1876413297638067,
    "AP50": 0.42111342968376175,
    "AP75": 0.13218646709071757,
    "AP_small": 0.03188135456173306,
    "AP_medium": 0.2361226539827641,
    "AP_large": 0.40381628164848377,
    "AR": 0.3147919876733437
  },
  "train": {
    "tp": 0,
    "fp": 0,
    "fn": 15,
    "precision": 0.0,
    "recall": 0.0,
    "f1": 0.0,
    "AP": 0.0,
    "AP50": 0.0,
    "AP75": 0.0,
    "AP_small": 0.0,
    "AP_medium": 0.0,
    "AP_large": 0.0,
    "AR": 0.0
  },
  "truck": {
    "tp": 3469,
    "fp": 16841,
    "fn": 776,
    "precision": 0.1708025603151157,
    "recall": 0.8171967020023557,
    "f1": 0.282549378945225,
    "AP": 0.3718829597476878,
    "AP50": 0.578134307145179,
    "AP75": 0.40657240941489936,
    "AP_small": 0.10885298515482682,
    "AP_medium": 0.3268383919629561,
    "AP_large": 0.5344447423557478,
    "AR": 0.5632744405182568
  },
  "traffic light": {
    "tp": 21420,
    "fp": 61004,
    "fn": 5465,
    "precision": 0.2598757643404834,
    "recall": 0.7967267993304816,
    "f1": 0.39191649360985825,
    "AP": 0.2339419044425274,
    "AP50": 0.6491923519196835,
    "AP75": 0.10721357115667422,
    "AP_small": 0.20213375196131605,
    "AP_medium": 0.41486507258104016,
    "AP_large": 0.32625461075519313,
    "AR": 0.33816998326204206
  },
  "traffic sign": {
    "tp": 29493,
    "fp": 102817,
    "fn": 5415,
    "precision": 0.2229083213664878,
    "recall": 0.8448779649364042,
    "f1": 0.35274910595749265,
    "AP": 0.348579147768237,
    "AP50": 0.689832198724248,
    "AP75": 0.30677089079501463,
    "AP_small": 0.2754021514732717,
    "AP_medium": 0.5352614084287717,
    "AP_large": 0.6996754793389973,
    "AR": 0.4674630457201787
  }
}